date,voice_2G,voice_3G,volte,data_2G,data_3G,data_4G,vlrcount,total_voice,total_data
2022-01-01,114941,58532,140,593,42277.63,7190.13,765695,173473,48.9
2022-01-02,83824,41073,90.3,546,42150.56,7341.56,784235,124897,48.9
2022-01-03,88871,44559,103.4,567,41071.17,7213.74,802455,133430,47.7
2022-01-04,92572,46117,100.7,557,43235.79,7724.64,821577,138689,50.3
2022-01-05,92635,46386,113.8,582,44461.75,7807.86,837670,139021,51.6
2022-01-06,94447,47128,117.7,575,44713.76,8094.68,851057,141575,52.1
2022-01-07,93592,47037,125,611,45623.41,8255.17,864401,140629,53.2
2022-01-08,94463,46693,96.5,547,46831.52,7991.68,905599,141156,54.1
2022-01-09,90088,44096,120.3,569,46308.67,8237.53,916824,134184,53.8
2022-01-10,95754,47403,102.1,554,47543.46,8125.24,927369,143157,54.9
2022-01-11,98450,46075,104.3,637,48445.54,8598.88,941604,144525,56.3
2022-01-12,94215,44048,115.4,634,46998.25,8903.03,954260,138263,55.2
2022-01-13,94337,45277,132.6,638,46450.12,8786.34,965569,139614,54.6
2022-01-14,92660,43602,114.5,653,47744.22,8579.76,977963,136262,55.6
2022-01-15,90686,43923,89.9,634,47402.81,8798.71,988283,134609,55.5
2022-01-16,88033,41981,94.5,615,46738.17,8788.61,999263,130014,54.8
2022-01-17,93207,47333,124.2,610,47116.79,8895.29,1004465,140540,55.3
2022-01-18,93964,47659,115.8,611,46573.2,9026.64,1014210,141623,54.9
2022-01-19,94955,47803,120.8,631,48595.99,9044,1025795,142758,56.9
2022-01-20,97471,49578,124.8,616,48820.79,9167.09,1036106,147049,57.2
2022-01-21,95663,48410,138.7,583,48889.15,8930.05,1045643,144073,57
2022-01-22,96912,48020,121.3,616,48378.38,9135.03,1056195,144932,56.8
2022-01-23,97536,44261,114.9,721,50798.46,9409.3,1065356,141797,59.5
2022-01-24,95365,48438,80.1,654,49896.97,8514.55,1071126,143803,57.7
2022-01-25,98820,49341,119.9,689,49632.87,9156.22,1080012,148161,58.1
2022-01-26,94451,45007,100.7,697,51566.53,9666.95,1089526,139458,60.5
2022-01-27,98076,50731,96.5,622,47620.2,9094.22,1096334,148807,56
2022-01-28,96890,49835,112.6,650,47658.75,9184.75,1104674,146725,56.1
2022-01-29,98730,51646,83.9,629,49128.3,9550.25,1114862,150376,57.9
2022-01-30,94089,47801,90.2,657,51255.66,9581.7,1126121,141890,60.1
2022-01-31,81919,44653,99.9,625,50375.63,9110.3,1134118,126572,58.7
2022-02-01,99879,52607,104,651,49605.57,9475.81,808843,152486,58.3
2022-02-02,100515,53328,87.4,667,49969.38,9051.17,843998,153843,58.3
2022-02-03,102812,54681,79.4,651,50744.45,9387.44,869373,157493,59.4
2022-02-04,101681,50056,99.7,734,48258.66,8719.64,893559,151737,56.4
2022-02-05,94227,48349,99.9,701,48031.91,9090.46,914374,142576,56.5
2022-02-06,94718,48270,93.3,651,48390.77,9240.66,928412,142988,56.9
2022-02-07,102695,55131,70.6,577,42223.99,9264.41,940745,157826,50.8
2022-02-08,104283,55308,111.5,701,48511.05,9186.97,955660,159591,57
2022-02-09,103885,53398,107.1,672,49341.9,9563.22,973227,157283,58.2
2022-02-10,105948,54281,98.5,672,50736.69,7234.66,989073,160229,57.3
2022-02-11,101977,52226,83,729,51917.59,6350.52,1004218,154203,57.6
2022-02-12,97217,50655,111.8,690,52657.24,8073.79,1019329,147872,60
2022-02-13,99737,51644,126.7,670,51120.91,9156.11,1030253,151381,59.5
2022-02-14,106522,56859,74.4,691,33472.81,5612.98,1041553,163381,38.8
2022-02-15,105668,56212,110.2,736,45721.02,8060.77,1055693,161880,53.2
2022-02-16,104633,54288,116.1,699,51015.38,9220.11,1068865,158921,59.5
2022-02-17,106378,56722,99.6,702,52601.01,9317.35,1082326,163100,61.2
2022-02-18,104254,54948,86.6,709,52241.88,9145.47,1095247,159202,60.6
2022-02-19,104405,55304,109.3,690,52361.12,9275.83,1108859,159709,60.9
2022-02-20,100831,52136,79.4,667,51816.15,9422.58,1119205,152967,60.5
2022-02-21,107977,57206,91.7,662,51800.69,9413.02,1127728,165183,60.4
2022-02-22,107982,57864,112.8,670,55000.49,9009.49,1140231,165846,63.2
2022-02-23,108220,57862,105.8,699,55938.27,9087.3,1152231,166082,64.2
2022-02-24,106706,54709,78.8,720,54077.05,9047.74,1163397,161415,62.3
2022-02-25,107795,56248,118.6,728,52383.94,9120,1174244,164043,60.8
2022-02-26,109852,57224,112.2,721,55957.82,9592.62,1185954,167076,64.7
2022-02-27,107449,54260,115.6,716,56179.13,9691.48,1195228,161709,65
2022-02-28,110031,58449,93.2,652,55004.53,8412.91,1204027,168480,62.6
2022-03-01,103085,55707,99.18,691,55307.19,9156.09,843370,158792,63.6
2022-03-02,109050,58523,110.35,708,55376.96,8947.03,883144,167573,63.5
2022-03-03,107974,59397,118.65,687,55409.5,9480.25,910248,167371,64
2022-03-04,109185,57952,80.93,665,55788.57,8644.46,933199,167137,63.6
2022-03-05,109396,58500,92.59,636,56503.76,8423.12,955143,167896,64
2022-03-06,105557,55243,89.62,552,56305.64,8434.5,972668,160800,63.8
2022-03-07,109983,59205,96.83,615,54979.2,7879.37,997025,169188,62
2022-03-08,110694,59448,116.29,682,55968,9464.84,1012652,170142,64.6
2022-03-09,108139,58540,108.9,669,55927.79,9008.1,1028550,166679,64.1
2022-03-10,108512,58331,75.49,660,56254.23,8595.88,1044969,166843,64
2022-03-11,109200,59364,96.21,668,55994,9354.45,1061607,168564,64.5
2022-03-12,109630,57255,129.71,677,56165.32,9668.37,1077110,166885,65
2022-03-13,105374,54365,115.5,672,56775.92,9938.53,1087632,159739,65.8
2022-03-14,109518,58647,51.1,668,55302.97,9361.22,1098305,168165,63.8
2022-03-15,108300,58850,81.1,644,54071.36,9428.11,1110980,167150,62.6
2022-03-16,107109,58261,11.2,664,54337,9599.2,1124391,165370,63.1
2022-03-17,104575,55223,64.4,685,55300.09,9296.14,1140745,159798,63.8
2022-03-18,97142,49268,102.4,709,55204.36,9638.72,1148605,146410,64
2022-03-19,93182,46417,79.4,670,54898.05,8582.44,1151283,139599,62.6
2022-03-20,94813,48210,115.4,693,53866.4,9356.09,1159634,143023,62.4
2022-03-21,105378,57448,101.68,674,53784.58,9192.17,1165986,162826,62.2
2022-03-22,108504,58812,121.72,645,53185.34,9126.94,1178970,167316,61.5
2022-03-23,108776,58985,106.36,644,53272.68,8823.49,1192315,167761,61.3
2022-03-24,111395,60442,108.58,635,53767.34,8660,1203516,171837,61.6
2022-03-25,108861,58311,109.49,668,53339.18,8691.72,1214897,167172,61.2
2022-03-26,107637,57787,116.44,685,54605.71,8897.08,1225754,165424,62.7
2022-03-27,98424,52995,84.26,593,53060.69,8882.39,1234668,151419,61.1
2022-03-28,99583,55464,83.2,522,46361.66,7571.89,1241840,155047,53.2
2022-03-29,107255,57785,117.8,639,53447.16,8764.2,1252427,165040,61.4
2022-03-30,102193,58728,60.6,617,50098.53,7159.6,1262571,160921,56.5
2022-03-31,108503,58939,90.9,643,54160.73,8855.5,1272043,167442,62.2
2022-04-01,105815,57858,106.1,628,53086.72,8945,847970,163673,61.2
2022-04-02,104440,56294,106.71,649,54035.95,8930.3,877970,160734,62.1
2022-04-03,100143,52569,103.85,640,52769.62,8927,905732,152712,60.9
2022-04-04,105157,54722,110.6,626,48474.93,8371.5,924736,159879,56.1
2022-04-05,103022,57023,104.1,604,50596.65,7576.9,945911,160045,57.4
2022-04-06,102720,56900,84.8,584,50552.62,7194,964240,159620,57
2022-04-07,100342,59147,79,605,50554.47,6914.1,979113,159489,56.7
2022-04-08,103534,56068,111.78,614,51913.92,8893.8,993785,159602,60
2022-04-09,99715,53301,96.92,567,51037.63,7406.3,1008460,153016,57.6
2022-04-10,87847,44780,68.87,541,47120.49,6031.5,1016523,132627,52.4
2022-04-11,95775,51189,55.55,547,43458.44,5754,1029031,146964,48.6
2022-04-12,99555,53158,71,571,45091.26,6500.9,1042368,152713,50.9
2022-04-13,102949,55095,59.81,539,47834.97,6269.9,1055875,158044,53.4
2022-04-14,86670,45699,46.707,486,46544.7,6421.3,1070310,132369,52.2
2022-04-15,99366,52266,95.445,563,50607.06,7973.1,1081917,151632,57.8
2022-04-16,100011,52632,125.6,557,50124.91,8220,1092880,152643,57.5
2022-04-17,92592,48330,100.2,491,47636.03,7439.4,1099963,140922,54.3
2022-04-18,100533,54742,79.6,488,43148.58,6701,1114749,155275,49.2
2022-04-19,100844,54465,93.9,541,45966.84,7216.7,1125325,155309,52.5
2022-04-20,98776,53690,93.9,527,46257,7071,1138746,152466,52.6
2022-04-21,99445,53509,102.99,527,45946.48,7251.8,1149005,152954,52.5
2022-04-22,97346,52616,103.6,529,46237.94,6269.9,1161090,149962,51.8
2022-04-23,97851,51073,106,513,45029.43,6920.2,1172889,148924,51.2
2022-04-24,93680,48685,108,479,45129.78,7040.2,1179265,142365,51.4
2022-04-25,98607,53138,100,517,43603.21,5420,1187389,151745,48.4
2022-04-26,98095,52457,93,465,42150.43,6375.4,1196936,150552,47.8
2022-04-27,97062,50748,83,466,40583.44,6242.4,1206997,147810,46.2
2022-04-28,99014,50381,84.9,479,41230.63,6185.1,1219603,149395,46.8
2022-04-29,93387,50131,93.3,493,42956.27,6255.8,1235780,143518,48.5
2022-04-30,94200,50122,102.1,487,43639.5,6530.9,1245150,144322,49.5
2022-05-01,86370,44077,86.5,468,42135.8,6519.4,840265,130447,48
2022-05-02,94511,49680,97.4,463,41473.45,6075,942092,144191,46.9
2022-05-03,91732,48090,95.9,497,44377.23,5839,991748,139822,49.5
2022-05-04,95817,51647,87,494,44152.74,6524.6,1010405,147464,50
2022-05-05,95073,50556,98,502,43678.79,6305,1031023,145629,49.3
2022-05-06,95855,50566,103.9,508,43621.25,6215.77,1047124,146421,49.2
2022-05-07,96916,51051,99.2,479,44753.47,5576.31,1062912,147967,49.6
2022-05-08,91548,47393,99.7,487,45246.92,5811.47,1079229,138941,50.3
2022-05-09,94100,50651,112.7,480,43612.76,5954.76,1092561,144751,48.9
2022-05-10,95498,51441,110.5,485,44189.4,6082.69,1109632,146939,49.6
2022-05-11,94750,50602,127.3,483,43980.78,6220.37,1122655,145352,49.5
2022-05-12,95099,50264,94.86,474,43868.26,5662.4,1140791,145363,48.8
2022-05-13,92945,49378,97.35,486,40329.68,6112,1148064,142323,45.8
2022-05-14,91202,45926,100.11,491,38806.47,6218,1162254,137128,44.4
2022-05-15,86970,42654,97.35,486,40329.68,6112,1175703,129624,45.8
2022-05-16,91069,46626,84.84,464,39096.74,5684,1187972,137695,44.2
2022-05-17,92850,48790,103.3,464,41497.61,5342.5,1199567,141640,46.2
2022-05-18,93987,49213,97.47,472,41052.27,6030.05,1210058,143200,46.4
2022-05-19,89870,46352,70.38,389,39304.66,5097.71,1225986,136222,43.7
2022-05-20,90585,47579,87.6,416,41293.47,6079.12,1240610,138164,46.7
2022-05-21,87746,44448,76.95,445,37786.67,6068.64,1254973,132194,43.3
2022-05-22,83828,42869,65.86,414,38445.11,4998.74,1269730,126697,42.8
2022-05-23,85223,49076,82.22,333,40144.74,4248.32,1283772,134299,43.7
2022-05-24,86663,48942,73.5,407,42391.66,4513.22,1294721,135605,46.2
2022-05-25,89594,48497,66.8,406,43667.31,4722.27,1303796,138091,47.7
2022-05-26,91289,50463,128.7,392,41852.87,5611.31,1314435,141752,46.7
2022-05-27,88103,47070,115.8,442,43495.59,6276.87,1324156,135173,49
2022-05-28,89016,47784,92.9,433,42096.36,5870.4,1332259,136800,47.3
2022-05-29,82879,43240,86.2,372,42640.05,5754.37,1339857,126119,47.6
2022-05-30,90276,48543,105.2,429,42273.55,5893.07,1346924,138819,47.5
2022-05-31,83051,44965,102,398,40058.93,4958.43,1355927,128016,44.4
2022-06-01,90644,48521,15.4,456,44257.25,6024.67,803039,139165,49.5
2022-06-02,90854,48619,52.4,486,41701.59,4888.48,843981,139473,46
2022-06-03,88825,47008,70.6,453,41395.43,4905.5,873732,135833,45.7
2022-06-04,86674,46137,82,426,40406.19,5817.26,897497,132811,45.6
2022-06-05,79538,45912,75,412,40206.97,5452.13,915236,125450,45
2022-06-06,92016,50497,89.46,428,41099.24,5618.42,926221,142513,46
2022-06-07,89567,48121,92.74,438,40963.91,5681.46,939593,137688,46
2022-06-08,89789,48360,67.11,476,41483.41,4776.01,960167,138149,45.6
2022-06-09,89258,48039,151.6,476,41881.82,5316.8,977816,137297,46.6
2022-06-10,87701,49698,166.65,418,37109.2,5538.65,993689,137399,42.1
2022-06-11,87687,52003,181.54,357,28905.92,5690.91,1012095,139690,34.1
2022-06-12,83632,42287,116.61,412,41771.41,4802.69,1028933,125919,45.9
2022-06-13,87996,46645,178.6,413,40347.9,5452.45,1043576,134641,45.1
2022-06-14,86337,45772,190.23,426,40127.52,5186.3,1057573,132109,44.7
2022-06-15,89015,46781,311.09,477,40779.13,5336.91,1074523,135796,45.5
2022-06-16,87950,48213,341.25,450,42459.42,5098.2,1085170,136163,46.9
2022-06-17,86261,46647,297.31,440,43819.21,4357.79,1097183,132908,47.5
2022-06-18,87226,46995,434.51,467,42747.78,5414.9,1108859,134221,47.5
2022-06-19,81803,43058,354.09,373,42203.32,4405.5,1115237,124861,45.9
2022-06-20,88792,48486,552.53,470,43004.64,5363.79,1125015,137278,47.7
2022-06-21,85402,47038,603.12,457,40575.69,5187.2,1135219,132440,45.1
2022-06-22,81973,42622,432.36,461,40573.9,5297.14,1146418,124595,45.2
2022-06-23,87034,46071,622.35,468,41105.69,5172.72,1157054,133105,45.7
2022-06-24,85889,45782,610.85,477,41798.19,5228.81,1166412,131671,46.4
2022-06-25,86613,45647,565.01,453,42834.47,4806.01,1175549,132260,47
2022-06-26,82521,41936,669.66,443,42601.04,5466.08,1184228,124457,47.4
2022-06-27,86490,46811,483.42,356,38341.16,4042.57,1192963,133301,41.7
2022-06-28,86102,47266,793.28,402,40797.11,5608.57,1201929,133368,45.7
2022-06-29,84044,46249,766.65,441,41160.42,5377.9,1210705,130293,45.9
2022-06-30,83359,45958,514.76,424,41370.38,4259.71,1219353,129317,45
2022-07-01,78686,42231,417.82,373,41744.85,3960.81,786485,120917,45
2022-07-02,80488,43343,672.11,453,42506.99,5364.35,830839,123831,47.2
2022-07-03,77068,41415,485.79,393,42885.04,4590.47,851235,118483,46.7
2022-07-04,82174,45350,669.76,439,41592,5121.23,873839,127524,46
2022-07-05,81700,46148,713.28,435,42327.63,5325.19,898383,127848,47
2022-07-06,80062,44904,708,437,42345.8,5421.4,919783,124966,47.1
2022-07-07,81917,46113,676.14,459,42829.86,5234.72,936420,128030,47.4
2022-07-08,79854,46705,716.873,445,42734,5490.57,953247,126559,47.5
2022-07-09,79172,43437,604.499,425,43043.61,4908.32,969784,122609,47.2
2022-07-10,77577,40404,663.266,447,42755.12,5374.24,981326,117981,47.4
2022-07-11,81192,45172,648.94,441,41452.08,5127.27,994094,126364,45.9
2022-07-12,81209,45058,669.9,458,40306.97,5083.04,1006364,126267,44.8
2022-07-13,81201,45092,703.4,449,40518.16,5098.58,1018858,126292.5,45
2022-07-14,78746,44593,618,459,40507.79,5207.29,1031025,123339,45.1
2022-07-15,77542,43922,603.87,437,41093.22,5111.02,1042030,121464,45.5
2022-07-16,78861,43451,696.71,452,42546.46,5263.15,1053739,122312,47.1
2022-07-17,74189,39546,484.43,412,42644.1,4547.94,1066588,113735,46.5
2022-07-18,79412,44579,554.13,427,41322.65,4595.4,1077583,123991,45.3
2022-07-19,79658,44466,597.81,437,40752.57,4874.9,1089041,124124,45
2022-07-20,78979,44951,659.19,433,42213.53,5048.37,1099576,123930,46.6
2022-07-21,78922,44293,634.7,439,40607.6,4961.49,1112325,123215,44.9
2022-07-22,76572,44188,595.1,465,41944.98,4517.98,1121971,120760,45.8
2022-07-23,77809,43040,537,457,42261.02,4854.84,1133140,120849,46.5
2022-07-24,76852,44178,537,457,42261.02,4854.84,1141259,121030,46.5
2022-07-25,75060,43187,533.93,450,41056.54,4657.62,1150930,118247,45.1
2022-07-26,76150,43500,427.7,445,40168.66,4385.47,1160861,119650,43.9
2022-07-27,77352,43678,569.8,425,41784.31,5069.58,1170397,121030,46.2
2022-07-28,77532,43121,533.4,406,41238.83,4921.85,1179316,120653,45.5
2022-07-29,76539,43023,537.04,413,41528.73,4667.97,1188855,119562,45.5
2022-07-30,77185,43376,555.4,410,41571.42,4771.5,1198944,120561,45.7
2022-07-31,72067,39345,479.21,404,42597.72,4599.6,1208970,111412,46.5
2022-08-01,77104,42945,543.73,434,40674.69,4750.97,770639,120049,44.8
2022-08-02,76753,42772,492.8,438,41384.59,5096.55,814711,119525,45.8
2022-08-03,76577,43439,537.9,438,41507.69,5051.86,861466,120016,45.9
2022-08-04,76528,43928,406.8,432,38574.51,4043.84,877844,120456,42
2022-08-05,75943,43142,526.6,451,40479.54,4754.95,903155,119085,44.6
2022-08-06,74686,42945,500.7,448,40794.42,4503.67,922952,117631,44.7
2022-08-07,72103,39122,567.94,464,42524.79,4984.31,938431,111225,46.8
2022-08-08,75122,49883,583.19,451,41065.65,4647.71,953410,125005,45.1
2022-08-09,72075,39659,482.57,489,41655.65,4565.75,964337,111734,45.6
2022-08-10,76834,42639,559.21,439,41374.57,4788.91,976252,119473,45.5
2022-08-11,76950,40666,473.23,449,41035.14,4517.21,992168,117616,44.9
2022-08-12,74201,40534,572.3,516,41615.38,5079.67,1007653,114735,46.1
2022-08-13,69178,38730,518.3,483,40852.11,4690.02,1026494,107908,44.9
2022-08-14,68144,33629,534.8,522,39878.45,5002.8,1035628,101773,44.3
2022-08-15,64402,32750,469.6,525,41238.75,5131.55,1047728,97152,45.8
2022-08-16,74736,42095,642.7,478,40647.17,5223.25,1058364,116831,45.3
2022-08-17,75052,42613,660.1,451,40010.87,4990.25,1069956,117665,44.4
2022-08-18,74467,43194,587.4,448,38383.46,4603.25,1081527,117661,42.4
2022-08-19,72239,37862,576.5,527,41583.99,5390.15,1092787,110101,46.4
2022-08-20,69948,32798,380.6,485,31928.47,4441.2,1104185,102746,36
2022-08-21,68059,34753,445,498,37416.58,4451.65,1111294,102812,41.4
2022-08-22,75304,41911,622.27,481,38703.18,4720.43,1119250,117215,42.9
2022-08-23,72863,40229,557.87,482,39943.7,4956.9,1129797,113092,44.3
2022-08-24,75208,42202,528.59,463,39465.27,4557.48,1141161,117410,43.4
2022-08-25,75972,42882,464.5,430,40080.82,4173.22,1155451,118854,43.6
2022-08-26,73838,42099,579.62,466,39980.98,4914.97,1164898,115937,44.3
2022-08-27,73802,40173,575.56,473,41079.06,4976.02,1174052,113975,45.4
2022-08-28,70995,36143,552.49,490,40996.31,5148.45,1180364,107138,45.5
2022-08-29,75455,41950,646.79,457,39183.25,5150.06,1186741,117405,43.7
2022-08-30,71337,39627,606.3,463,39166.06,5091.02,1195616,110964,43.7
2022-08-31,74870,40350,465.33,453,39721.44,4273.23,1202809,115220,43.4
2022-09-01,75177,41689,410.7,453,38789.64,4136.25,758057,116866,42.4
2022-09-02,73599,40028,362,445,38845.63,4027.33,797027,113627,42.3
2022-09-03,74089,39874,353.6,434,39155.15,4061.8,823104,113963,42.6
2022-09-04,70905,37166,439.9,447,40683.71,5090.47,839624,108071,45.1
2022-09-05,75359,41901,452.95,461,39596.61,4780.95,855643,117260,43.8
2022-09-06,72033,39394,349.4,444,39668.35,4015.46,874271,111427,43.1
2022-09-07,73681,41657,311.1,378,39983.09,3923.75,890533,115338,43.2
2022-09-08,74895,41646,427.64,402,39091.35,4614.99,906926,116541,43.1
2022-09-09,72945,40725,402.74,421,39218.65,4507.75,920240,113670,43.5
2022-09-10,75035,40447,314.18,405,40618,3544.06,935912,115482,46.4
2022-09-11,74075,37559,410.69,444,42055.17,5060.48,944681,111634,45.1
2022-09-12,78606,41863,422.5,448,40808.08,4919.52,953925,120469,43.9
2022-09-13,76718,41611,418.2,406.01,39729.03,4790.46,965903,118329,43.9
2022-09-14,77137,42447,392.22,435,39806.7,4735.15,979446,119584,44.1
2022-09-15,77152,42497,399.69,422,39802.76,4898.93,989102,119649,43.6
2022-09-16,76637,43775,350.24,388,40124.89,4129.23,999196,120412,46.4
2022-09-17,77137,41774,429.51,394,41965.93,5136.42,1009087,118911,47
2022-09-18,76718,41456,9.6,420,42444.89,5278.93,1014983,118174,43.4
2022-09-19,75359,41903,88.2,405,39941.29,4105.9,1022915,117262,44.9
2022-09-20,77120,41484,377.3,435,40971.59,4618.14,1033716,118604,45.1
2022-09-21,79597,43283,399,431,40969.43,4767.01,1043644,122880,45.4
2022-09-22,78031,43442,400.41,415,41005.7,5023.08,1053961,121473,44.7
2022-09-23,76510,42830,355.05,381,41008.07,4396.77,1061595,119340,43.2
2022-09-24,76164,40661,408.28,386,38925.75,4941.52,1070132,116825,45.8
2022-09-25,72586,37437,365.48,424,41308.05,5168.24,1075451,110023,44.7
2022-09-26,74598,40738,387.8,435,40560.93,4790.46,1083025,115336,44.2
2022-09-27,76540,41183,444.6,440,39896,4975.29,1090694,117723,44.5
2022-09-28,76245,41762,418,420,40251.95,4919,1098926,118007,44.1
2022-09-29,75495,40574,403.4,425,39843.08,4910.69,1107139,116069,44.7
2022-09-30,75202,41053,428.6,431,40354.23,4949.28,1116299,116255,45.2
2022-10-01,"74,375.00","41,110.00",464.32,420,40867,5006.89,745624,115485,44.8
2022-10-02,"66,354.00","34,215.00",338.36,397,40966.61,4445.13,777264,100569,44.2
2022-10-03,"65,138.00","34,208.00",388.85,433,40122.96,4715.14,805299,99346,44
2022-10-04,"63,342.00","31,199.00",382.53,452,39743.9,4894.6,828361,94541,43.2
2022-10-05,"66,868.00","34,249.00",378.52,443,39187.62,4546.06,834578,101117,45.3
2022-10-06,"70,815.00","38,897.00",404.9,444,40931.94,5001.22,843600,109712,44.6
2022-10-07,"71,345.00","39,740.00",393.88,445,40283.96,4921.8,863968,111085,45
2022-10-08,"72,468.00","39,990.00",443.39,440,40621.54,4964.09,882798,112458,46.1
2022-10-09,"68,274.00","37,482.00",442.79,430,41653.04,5148.81,894321,105756,44.2
2022-10-10,"76,003.00","43,614.00",495.96,415,39958.3,4872.22,907836,119617,43.1
2022-10-11,"74,565.00","41,831.00",423.7,413,39435.76,4287.02,923574,116396,41.4
2022-10-12,"76,219.00","43,295.00",435.09,419,37562.49,4393.62,937938,119514,44.9
2022-10-13,"77,160.00","43,646.00",491.37,430,40626.25,4937.78,951087,120806,44.1
2022-10-14,"75,392.00","43,092.00",474.47,426,39689.2,5049.34,963097,118484,45.1
2022-10-15,"75,481.00","42,398.00",468.24,423,40711,5072.15,975492,117879,45
2022-10-16,"70,512.00","38,883.00",408.62,412,40786.86,4886.07,983547,109395,43.3
2022-10-17,"74,094.00","43,533.00",455.75,397,39097.93,4826.87,991872,117627,44
2022-10-18,"74,561.00","43,013.00",435.2,397,39906.31,4720.41,1004523,117574,43.1
2022-10-19,"72,973.00","42,674.00",435.3,392,39205.94,4555.32,1014357,115647,43.5
2022-10-20,"73,168.00","42,663.00",440.9,394,39309.32,4810.04,1024617,115831,43.7
2022-10-21,"71,219.00","42,137.00",447,405,39716.15,4663.99,1034171,113356,43.9
2022-10-22,"71,016.00","40,990.00",457.58,395,39814.65,4779.14,1044195,112006,45
2022-10-23,"70,115.00","36,374.00",420.18,400,40578.47,5098.07,1052366,106489,42.7
2022-10-24,"58,807.00","32,197.00",395.19,389,38609.11,4742.45,1060043,91004,45.9
2022-10-25,"69,857.00","39,824.00",460.75,412,41566.06,5067.42,1066868,109681,43.5
2022-10-26,"67,993.00","40,108.00",467.52,405,39268.59,4855.57,1076022,108101,43.7
2022-10-27,"68,548.00","39,911.00",470.99,408,39386.05,5007.42,1086940,108459,43.7
2022-10-28,"69,694.00","39,227.00",457.42,422,39474.57,4815.58,1097490,108921,43.9
2022-10-29,"61,908.00","35,842.00",445.87,413,39599.03,4917.31,1108029,97750,43.5
2022-10-30,"56,045.00","27,636.00",357.79,400,39284.97,4811.87,1115846,83681,43.6
2022-10-31,"61,571.00","35,003.00",409.81,422,39416.87,4870.73,1121698,96574,43
2022-11-01,"61,703.00","35,130.00",474.03,380,38758.26,4803.35,717485,96833,42.9
2022-11-02,"70,447.00","42,736.00",433.25,354,38882.85,4490.48,762582,113183,42.7
2022-11-03,"71,665.00","43,159.00",484.4,395,37145.58,4785.3,789248,114824,41.3
2022-11-04,"72,355.00","43,143.00",497.28,380,39201.53,4885.87,807061,115498,43.4
2022-11-05,"72,623.00","42,964.00",410.38,374,39974.33,4336.56,828763,115587,43.6
2022-11-06,"69,673.00","39,232.00",479.19,392,41341.83,5271.66,845613,108905,45.9
2022-11-07,"74,605.00","44,736.00",484.9,377,39010.13,4843.02,859350,119341,43.2
2022-11-08,"72,947.00","42,312.00",442.5,373,39169.44,4942.3,871102,115259,43.4
2022-11-09,"73,311.00","44,238.00",396.74,318,38851.96,4229.04,884422,117549,42.4
2022-11-10,"74,498.00","44,534.00",422.3,350,39837.74,4426.3,900708,119032,43.6
2022-11-11,"73,672.00","44,065.00",488.85,384,38942.23,4950.71,915846,117737,43.2
2022-11-12,"72,104.00","42,212.00",442.03,385,39668.26,4808.82,931210,114316,43.8
2022-11-13,"68,798.00","39,262.00",437.29,375,40296.32,5090.31,940731,108060,44.7
2022-11-14,"73,110.00","43,910.00",476.9,369,38530.94,4919.47,978835,117020,42.8
2022-11-15,"72,804.00","44,257.00",487.9,377,40209.56,4982.06,960925,117061,44.5
2022-11-16,"71,729.00","44,022.00",439.62,361,37801.53,4597.62,971529,115751,41.8
2022-11-17,"72,963.00","44,024.00",490.98,383,39392.17,4653.96,984124,116987,43.4
2022-11-18,"70,619.00","42,282.00",466.21,372,38098.85,4646.85,993094,112901,42.1
2022-11-19,"71,582.00","42,782.00",357.43,357,39354.11,4075.81,1003177,114364,42.8
2022-11-20,"68,698.00","39,310.00",449.21,373,39634.21,4869.18,1010428,108008,43.8
2022-11-21,"73,067.00","43,495.00",504.9,368,38104.75,4753.97,1018697,116562,42.2
2022-11-22,"71,758.00","43,603.00",348.7,349,38391.73,3902.44,1029251,115361,41.6
2022-11-23,"71,666.00","43,831.00",437,353,38456.84,4690.04,1039758,115497,42.5
2022-11-24,"71,641.00","43,879.00",488.6,345,38775.98,4653.11,1049737,115520,42.7
2022-11-25,"69,314.00","42,401.00",469.37,349,38354.98,4657.94,1059911,111715,42.3
2022-11-26,"69,412.00","41,328.00",355.3,325,38231.2,3894.36,1075618,110740,41.5
2022-11-27,"67,037.00","38,183.00",483.9,346,38900.86,4852.18,1082347,105220,43.1
2022-11-28,"70,623.00","42,478.00",497.8,350,37180.78,4683.42,1089534,113101,41.2
2022-11-29,"71,057.00","42,775.00",489.4,347,37460.45,4627.17,1098848,113832,41.4
2022-11-30,"71,999.00","43,705.00",480.2,362,38551.03,4729.05,1106464,115704,42.6
2022-12-01,"72,413.00","43,399.00",475.4,378,38592.77,4713.64,729520,115812,42.7
2022-12-02,"70,001.00","42,359.00",436,368,38767.94,4530.82,765559,112360,42.6
2022-12-03,"69,731.00","41,761.00",461.7,368,39349.97,4649.62,791184,111492,43.3
2022-12-04,"66,678.00","38,415.00",436.76,356,40072.78,4642.66,809296,105093,44
2022-12-05,"70,404.00","43,113.00",476.26,348,37279.19,4372.04,825435,113517,41
2022-12-06,"70,177.00","42,129.00",429.32,356,37766.72,4370.36,842404,112306,41.5
2022-12-07,"68,351.00","41,752.00",109.6,317,37671.76,3703.58,858378,110103,40.7
2022-12-08,"68,122.00","41,418.00",263.1,306,37703.97,3801.18,874220,109540,40.8
2022-12-09,"68,309.00","42,119.00",435.4,354,38623.71,4516.97,887627,110428,42.5
2022-12-10,"69,301.00","41,174.00",428.9,376,41457.21,4800.64,901313,110475,45.5
2022-12-11,"66,721.00","39,010.00",341.8,328,40358.27,3988.83,912235,105731,43.6
2022-12-12,"72,210.00","44,280.00",448.29,345,38529.58,4385.71,921216,116490,42.2
2022-12-13,"72,089.00","44,080.00",463.29,361,39766.52,4530.28,933511,116169,43.6
2022-12-14,"71,205.00","43,858.00",459.55,353,40205.09,4601.46,944903,115063,44.1
2022-12-15,"70,826.00","44,109.00",446.5,355,40598.38,4749.73,956692,114935,44.6
2022-12-16,"68,522.00","42,660.00",451.26,380,40990.3,4694.11,968184,111182,45
2022-12-17,"69,098.00","42,641.00",460.33,364,41677.81,4844.41,979232,111739,45.8
2022-12-18,"66,036.00","39,413.00",380.32,304,41692.42,4294.37,986627,105449,45.2
2022-12-19,"67,006.00","40,328.00",472.6,336,39341.11,4635.92,994715,107334,43.3
2022-12-20,"70,299.00","44,511.00",434,351,39830.21,4446.4,1003480,114810,43.6
2022-12-21,"70,108.00","44,489.00",523.6,342,39857.14,4387.38,1013587,114597,43.5
2022-12-22,"69,903.00","43,729.00",471.6,355,40343.78,4289.67,1023157,113632,43.9
2022-12-23,"69,097.00","42,791.00",455.3,358,39955.47,4622.29,1033115,111888,43.9
2022-12-24,"67,237.00","41,598.00",342.8,324,40354.73,3473.86,1044384,108835,43.1
2022-12-25,"64,143.00","36,378.00",224.1,289,37575.77,3203.79,1055221,100521,40.1
2022-12-26,"68,379.00","42,262.00",467.1,349,40062.64,4729.14,1062601,110641,44.1
2022-12-27,"70,827.00","41,381.00",461.2,374,40164.92,4952.23,1074681,112208,44.4
2022-12-28,"67,406.00","41,421.00",465.6,351,40319.76,4760.47,1084604,108827,44.4
2022-12-29,"67,208.00","41,512.00",455.7,351,40628.66,4697.39,1097575,108720,44.6
2022-12-30,"65,396.00","40,135.00",468.6,357,40573.43,4878.65,1108190,105531,44.7
2022-12-31,"65,817.00","40,325.00",476.3,367,40637.27,4876.27,1119046,106142,44.8
2023-01-01,"85,666","52,141",568.6,393,41324.88,4836.5,685221,137807,45.5
2023-01-02,"68,429","40,687",454.2,370,40074.96,4922.7,708663,109116,44.3
2023-01-03,"69,357","41,819",458,358,40870.08,5142.8,746483,111176,45.3
2023-01-04,"70,599","42,539",403.9,324,40842.61,4547.3,776190,113138,44.6
2023-01-05,"68,873","42,990",420.48,341,40973.51,4665.1,796421,111863,44.9
2023-01-06,"68,453","42,511",431.55,357,39351.89,4612.9,814342,110964,43.3
2023-01-07,"67,899","41,464",428.71,341,40949.41,4672.7,831775,109363,44.9
2023-01-08,"65,948","38,890",467.52,357,41207.89,4869.1,843259,104838,45.3
2023-01-09,"69,875","43,735",460.47,372,40830.59,4644.2,852590,113610,44.8
2023-01-10,"70,214","44,016",476.58,369,42066.11,5088.1,866950,114230,46.4
2023-01-11,"70,584","44,064",515.2,366,42627.58,5144.3,882833,114648,47
2023-01-12,"71,856","43,938",481.69,385,42847.24,4978.3,894161,115794,47.1
2023-01-13,"69,834","42,952",488.97,386,42972.67,5069.9,905682,112786,47.3
2023-01-14,"68,439","41,210",485.57,375,44350.44,5192.4,917849,109649,48.7
2023-01-15,"66,688","38,185",510.64,383,44543.24,5406.9,924351,104873,49.2
2023-01-16,"69,922","44,347",522.81,371,41916.98,4969.6,934110,114269,46.1
2023-01-17,"71,272","44,408",559,367,42576.16,5249.62,945733,115680,47.1
2023-01-18,"69,814","43,975",522.08,366,41317.1,4929.22,957087,113789,45.5
2023-01-19,"70,705","44,835",538.07,354,41237.28,4903.28,967956,115540,45.4
2023-01-20,"69,837","44,379",523.89,359,40997.6,4869.62,977592,114216,45.1
2023-01-21,"70,966","44,133",499.6,371,42608.7,4984.15,987836,115099,46.8
2023-01-22,"67,777","40,446",529.73,375,42813.27,5226.8,995231,108223,47.3
2023-01-23,"72,051","45,239",492.42,336,41442.43,4542.52,1003143,117290,45.2
2023-01-24,"69,231","45,384",334.31,332,41993.26,3710.85,1012977,114615,45
2023-01-25,"72,667","45,617",552.41,367,41466.1,5004.48,1023396,118284,45.7
2023-01-26,"64,592","38,373",465.54,383,44444.8,5068.48,1031982,102965,48.7
2023-01-27,"69,462","43,733",493.54,400,31528.1,4549.23,1040988,113195,35.6
2023-01-28,"69,254","42,972",463.774,393,42824.8,4486.6,1052079,112226,46.6
2023-01-29,"67,741","36,869",453.22,360,42882.9,5111.8,1060022,104610,47.2
2023-01-30,"8,331","43,368",479.3,310,35404.6,4269.95,1069959,51699,39
2023-01-31,"49,910","33,434",148.56,163,24847.5,2437.37,1080980,83344,26.8
2023-02-01,"66,058","41,500",319.5,287,38734.68,4132.54,719568,107558,42.1
2023-02-02,"68,653","43,905",413.3,283,38888.36,4692.17,758056,112558,42.8
2023-02-03,"67,737","42,885",445.2,315,39273.34,4659.09,784291,110622,43.2
2023-02-04,"68,837","42,699",417.5,327,40668.31,4722.32,806138,111536,44.6
2023-02-05,"66,323","39,186",415.9,331,41554.48,4737.29,823238,105509,45.5
2023-02-06,"70,430","44,492",447.9,317,39814.24,4534.8,837674,114922,43.6
2023-02-07,"70,763","44,632",413.6,339,39809.46,4394.49,854508,115395,43.5
2023-02-08,"70,523","44,593",455.8,328,39469.95,4490.62,871369,115116,43.3
2023-02-09,"69,982","43,955",403.5,333,39105.67,4413.92,888633,113937,42.8
2023-02-10,"68,838","43,930",438.6,344,40457.05,4669.15,901710,112768,44.4
2023-02-11,"67,556","42,864",445.1,363,41206.95,4817.87,914777,110420,45.3
2023-02-12,"68,753","42,521",435.2,361,41340.12,4895.13,923294,111274,45.5
2023-02-13,"70,546","44,984",512.1,343,39629.81,4710.51,932782,115530,43.6
2023-02-14,"70,072","44,872",501.3,350,40073.5,4814.11,943700,114944,44.2
2023-02-15,"69,534","44,486",438.3,332,39974.54,4307.07,954505,114020,43.6
2023-02-16,"71,651","45,145",316,321,41253.98,3181.71,965174,116796,43.7
2023-02-17,"70,091","44,095",333.7,339,41473,3100.61,975395,114186,43.9
2023-02-18,"66,490","40,426",308.4,346,43992.31,3339.07,987279,106916,46.6
2023-02-19,"67,691","39,997",433.1,364,42847.09,5106.5,995263,107688,47.2
2023-02-20,"71,378","45,422",479.47,373,40275.56,4992.78,1001142,116800,44.6
2023-02-21,"71,718","45,297",472.07,377,40478.63,4870.25,1010730,117015,44.7
2023-02-22,"71,212","44,743",465.43,381,40688.95,4942.73,1021837,115955,44.9
2023-02-23,"73,348","44,765",493.6,394,41644.58,4999.36,1031496,118113,45.9
2023-02-24,"70,205","43,779",480.6,379,41244.92,5122.81,1040844,113984,45.7
2023-02-25,"68,393","43,263",426.5,380,41699.38,4451.08,1051236,111656,45.4
2023-02-26,"67,489","40,637",434.2,380,41830.99,4691.57,1058321,108126,45.8
2023-02-27,"71,864","44,907",459.8,392,39841.34,4657.46,1067280,116771,43.8
2023-02-28,"71,643","44,963",463.66,405,39687.94,4600.28,1076329,116606,43.6
2023-03-01,"71,038","44,282",478.22,400,39977.24,4791.12,703209,115320,44.1
2023-03-02,"71,218","45,078",513.6,388,41528.93,5216.01,739686,116296,46
2023-03-03,"70,163","43,092",507.6,403,40841.06,5219.22,765322,113255,45.4
2023-03-04,"70,067","43,515",497.9,400,35294.39,5194.04,788671,113582,39.9
2023-03-05,"66,767","39,363",467.27,386,40894.26,5248.89,804359,106130,45.4
2023-03-06,"66,912","40,492",514.2,372,40681.95,5149.91,821714,107404,45.1
2023-03-07,"66,684","39,392",485.3,402,41809.65,5364.44,842227,106076,46.5
2023-03-08,"68,420","40,535",406.6,410,41187.88,5169.84,852956,108955,45.7
2023-03-09,"67,245","41,686",439.9,404,41257.91,5204.8,860411,108931,45.8
2023-03-10,"64,193","40,309",500.1,408,39883.46,5103.38,875024,104502,44.3
2023-03-11,"66,600","40,937",496.9,399,39888.74,5013.02,890768,107537,44.2
2023-03-12,"64,013","38,511",471.5,393,41255.5,4982.72,901237,102524,45.5
2023-03-13,"69,687","44,795",496.3,393,39250.96,4814.17,912730,114482,43.4
2023-03-14,"69,262","44,317",497.8,379,39061.58,4797.7,925868,113579,43.2
2023-03-15,"70,468","45,108",480.2,383,39801.27,4883.27,937966,115576,44
2023-03-16,"70,850","43,183",457.1,402,39278.86,4934.87,948155,114033,43.6
2023-03-17,"70,831","45,149",428.5,405,40489.73,4979.83,959215,115980,44.8
2023-03-18,"69,262","41,592",453.7,419,39629.65,4941.62,971152,110854,43.9
2023-03-19,"65,286","37,916",380.4,422,40800.08,4941.03,982358,103202,45.1
2023-03-20,"68,727","43,153",401.3,399,38273.74,4592.56,990466,111880,42.3
2023-03-21,"66,526","40,989",462.8,377,38637.56,4993.27,1003548,107515,43
2023-03-22,"69,819","42,588",484.96,408,39785.2,5190.58,1013418,112407,44.3
2023-03-23,"70,343","43,833",469.28,404,39889.01,5194.54,1023024,114176,44.4
2023-03-24,"67,790","40,302",468.64,408,39141.03,5135.51,1031530,108092,43.6
2023-03-25,"67,944","41,591",495.48,409,40181.23,5083.67,1040469,109535,44.6
2023-03-26,"64,141","37,710",398.13,404,40786.5,5017.87,1048627,101851,45.1
2023-03-27,"68,277","42,660",464.18,402,39751.07,4908.49,1056233,110937,44
2023-03-28,"69,152","42,939",452.11,408,39954.15,4958.48,1069204,112091,44.3
2023-03-29,"67,733","42,727",466.23,402,40184.17,4805.1,1078037,110460,44.3
2023-03-30,"59,659","33,932",330.58,418,37185.91,4432.15,1087751,93591,41.1
2023-03-31,"61,844","37,278",348.69,442,39256.26,4224.24,1094942,99122,42.9
2023-04-01,"66,794","38,092",390.1,444,38316.07,4510.78,697664,104886,42.3
2023-04-02,"65,054","37,582",444.29,407,40023.26,5132.51,725321,102636,44.5
2023-04-03,"70,030","43,763",464.3,381,39054.62,4955.67,748805,113793,43.4
2023-04-04,"69,864","42,703",469.6,371,39326.07,5028.2,766256,112567,43.7
2023-04-05,"70,857","44,164",476.98,366,38665.19,4833.57,783169,115021,42.8
2023-04-06,"69,905","43,715",476.98,380,39515.79,5142.51,801221,113620,44
2023-04-07,"67,326","41,016",476.98,385,39640.23,5157.72,814362,108342,44.1
2023-04-08,"67,450","41,365",476.98,377,39715.4,4789.86,825486,108815,43.8
2023-04-09,"66,592","39,039",476.98,369,39576.24,4668.72,835941,105631,43.6
2023-04-10,"70,984","46,925",344.6,363,36650.78,4807.53,844488,117909,40.8
2023-04-11,"70,147","45,152",440.6,350,38514.12,4616.68,857155,115299,42.5
2023-04-12,"69,990","44,502",443,344,37377.83,4836.76,869705,114492,41.6
2023-04-13,"69,833","44,108",316.94,374,37353.8,3599.39,881623,113941,40.4
2023-04-14,"64,869","40,199",415.33,372,39294.97,4799.63,891651,105068,43.4
2023-04-15,"66,280","41,193",374.4,357,38874.09,4465.09,899711,107473,42.7
2023-04-16,"67,465","43,639",407.02,347,39780.64,4649.84,907742,111104,43.7
2023-04-17,"67,978","43,723",389.48,345,37815.25,3945.54,915355,111701,41.1
2023-04-18,"70,014","44,508",451.3,355,37291.34,4409.88,930459,114522,41.1
2023-04-19,"68,541","42,778",487.4,356,38305.3,4609.72,940015,111319,42.3
2023-04-20,"68,419","43,537",449.76,358,38122.84,4293.61,950307,111956,41.8
2023-04-21,"65,022","43,666",398.5,344,38061.39,4162.68,961109,108688,41.6
2023-04-22,"69,729","42,522",306.47,354,39572.58,3594.39,967231,112251,42.5
2023-04-23,"63,125","37,047",477.33,341,38828.14,4232.23,974524,100172,42.4
2023-04-24,"67,892","41,931",419.22,351,36219.53,4232.23,979815,109823,39.8
2023-04-25,"68,876","43,418",493.65,348,37419.15,4396.77,990870,112294,41.2
2023-04-26,"68,560","43,288",501.22,342,37115.67,4498.98,1000354,111848,41
2023-04-27,"68,496","43,562",511.38,334,37883.5,4377.33,1009435,112058,41.6
2023-04-28,"67,502","43,572",480.56,329,38495.38,4462.7,1017998,111074,42.3
2023-04-29,"69,996","42,677",478.01,325,38818.66,4345,1027656,112673,42.5
2023-04-30,"63,065","37,127",402.98,337,39377.37,4427.59,1039187,100192,43.1
2023-05-01,"69,581","45,032",470.97,333,37595.34,4326.42,693113,114613,41.3
2023-05-02,"67,945","43,847",421.3,340,36928.64,3949.4,731172,111792,40.3
2023-05-03,"67,590","41,469",420.1,343,37194.71,4147.28,759336,109059,40.7
2023-05-04,"69,018","42,317",420.6,350,36349.81,4264.84,781415,111335,40
2023-05-05,"68,686","42,255",442.4,357,37516.32,4557.34,801398,110941,41.4
2023-05-06,"66,753","41,391",436.6,351,38054.2,4434.11,810924,108144,41.8
2023-05-07,"63,544","37,941",442.3,340,38039,4661.64,822567,101485,42
2023-05-08,"67,419","43,468",450.9,331,36737.5,4106.95,834255,110887,40.2
2023-05-09,"67,314","43,327",471.1,321,37457.1,4331.97,849956,110641,41.1
2023-05-10,"67,082","42,862",441.06,323,37213.1,4159.18,863380,109944,40.7
2023-05-11,"68,059","43,536",441.06,323,37551.1,4159.18,875842,111595,41
2023-05-12,"67,269","44,241",441.06,332,37754.2,4159.18,881231,111510,41.3
2023-05-13,"66,998","42,523",441.06,328,38511.9,4159.18,888493,109521,42
2023-05-14,"64,404","39,483",441.06,330,38710.5,4159.18,899257,103887,42.2
2023-05-15,"67,309","41,886",441.06,348,34971.8,4159.18,908415,109195,38.6
2023-05-16,"65,651","41,452",464,351,35943.5,4350.6,920248,107103,39.7
2023-05-17,"65,541","41,857",440.4,337,36017.5,4301.4,934145,107398,39.7
2023-05-18,"65,788","41,681",450.5,349,36263.3,4305.9,944844,107469,40
2023-05-19,"65,631","40,738",457.8,369,36338.6,4369.2,956211,106369,40.1
2023-05-20,"64,900","40,779",429.82,347,36934.3,4224.3,968137,105679,40.5
2023-05-21,"61,334","36,418",375.76,335,36790.3,3997.6,976295,97752,40.2
2023-05-22,"62,859","40,216",360.3,331,33826.6,3563,985237,103075,36.8
2023-05-23,"64,019","40,749",418.16,346,35350.8,4128.2,985237,104768,38.9
2023-05-24,"62,898","40,825",400.14,338,35899.7,4200.7,1006221,103723,39.5
2023-05-25,"62,794","39,055",435.27,358,34549.1,4016.2,1016095,101849,38
2023-05-26,"61,153","35,636",366.13,389,31404.4,3778.8,1029574,96789,34.7
2023-05-27,"61,356","37,436",390.6,359,32688.1,3754.5,1039202,98792,35.9
2023-05-28,"58,899","35,016",388.86,340,34594.3,3959.8,1047364,93915,38
2023-05-29,"61,942","37,306",391.68,359,35226.6,4153.6,1054783,99248,38.8
2023-05-30,"62,922","39,182",441.6,372,36440.6,4223.48,1064160,102104,40.1
2023-05-31,"62,091","39,566",395.4,362,35491.2,3939.51,1073084,101657,38.9
2023-06-01,"63,595","40,132",413.2,358,35552.5,3849.07,670276,103727,38.8
2023-06-02,"63,220","39,462",434.8,356,35101.6,4061.13,711614,102682,38.6
2023-06-03,"62,603","38,845",473.9,346,35445.6,4047.21,735059,101448,38.9
2023-06-04,"59,904","35,536",418.4,337,35548.9,3970.65,776862,95440,38.9
2023-06-05,"63,727","40,544",475.3,340,36110.1,4182.63,794669,104271,39.7
2023-06-06,"63,820","39,984",456.4,352,36438.5,4313.95,811444,103804,40.1
2023-06-07,"62,480","40,495",439.79,327,35463,3945.47,828191,102975,38.8
2023-06-08,"63,745","40,966",462.93,338,35732.5,4075.8,843661,104711,39.2
2023-06-09,"62,558","39,557",440.566,361,36159.4,4058.69,857170,102115,39.6
2023-06-10,"62,340","38,879",439.452,355,36127.3,4051.73,871364,101219,39.6
2023-06-11,"59,781","35,899",424.925,341,35939.1,3921.52,886764,95680,39.3
2023-06-12,"63,358","40,357",424.69,344,35366.6,3158.86,900215,103715,38
2023-06-13,"62,277","40,818",439.9,343,35779.3,3883.02,912061,103095,39.1
2023-06-14,"63,039","40,642",387.43,337,34602.8,3736.84,923380,103681,37.8
2023-06-15,"63,861","40,378",380,352,35387.1,3828.42,934573,104239,38.6
2023-06-16,"62,984","39,731",385.2,362,35604.9,3864.34,945583,102715,38.9
2023-06-17,"62,511","39,335",378.1,352,33916.2,3830.77,955852,101846,37.2
2023-06-18,"59,288","36,189",368.65,337,35251.8,4014.76,964327,95477,38.7
2023-06-19,"63,575","41,182",376.99,336,35014.6,3584.89,971052,104757,38
2023-06-20,"62,609","39,597",392.29,343,35172.8,3696.61,980265,102206,38.3
2023-06-21,"61,736","40,061",359.8,340,34953.6,3860.78,989650,101797,38.2
2023-06-22,"61,558","40,957",343.3,340,34818.7,3031.38,1000798,102515,37.3
2023-06-23,"60,843","40,685",363.8,345,35342.5,3196.47,1010312,101528,38
2023-06-24,"61,618","39,659",378.2,335,36014.8,3763.19,1021235,101277,39.2
2023-06-25,"58,679","35,516",330.1,347,35649.4,3787.46,1029361,94195,38.9
2023-06-26,"63,584","40,006",382.91,359,33718.2,3634.73,1035190,103590,36.8
2023-06-27,"64,758","39,500",391.4,379,34367.6,3741.47,1041364,104258,37.6
2023-06-28,"62,783","39,449",402.3,367,34254.9,3838.16,1048530,102232,37.6
2023-06-29,"61,879","37,860",399.4,375,36052.6,3836.18,1054287,99739,39.3
2023-06-30,"61,856","39,262",361.3,375,35003.6,3687.42,1061628,101118,38.2
2023-07-01,"60,759","38,887",357.9,359,35445.7,3585,660138,99646,38.5
2023-07-02,"58,586","35,531",390.2,349,35503.5,3833.51,688356,94117,38.8
2023-07-03,"61,902","39,591",400.55,348,34054.8,3833.51,714041,101493,37.3
2023-07-04,"61,843","39,536",336.79,352,33914.7,3348.17,737693,101379,36.7
2023-07-05,"62,833","40,086",342.1,349,33910.2,2987.34,756763,102919,36.4
2023-07-06,"63,986","40,631",385.03,376,35126.8,3443.11,774352,104617,38
2023-07-07,"62,331","39,846",368.37,366,35356.9,3788.5,789202,102177,38.6
2023-07-08,"62,616","39,321",357.88,358,35938.1,3834.3,803895,101937,39.2
2023-07-09,"60,237","35,805",359.69,344,35878.5,3900.2,819283,96042,39.2
2023-07-10,"63,429","40,878",388.7,331,34676.9,3753.6,834879,104307,37.9
2023-07-11,"64,225","40,465",382.4,337,34658.6,3854.9,845685,104690,37.9
2023-07-12,"63,936","40,595",390.2,341,34731.3,3753.5,857533,104531,37.9
2023-07-13,"65,015","41,062",379.7,346,35939.1,3841.9,869154,106077,39.2
2023-07-14,"62,984","39,041",377.1,367,35722,3865.5,881218,102025,39
2023-07-15,"62,039","38,974",354.9,355,35781,3782.7,893828,101013,39
2023-07-16,"59,097","35,593",335.3,352,36193.7,3715.8,900026,94690,39.3
2023-07-17,"63,886","39,718",355.1,349,34779.3,3611.1,910075,103604,37.8
2023-07-18,"62,794","39,651",343.9,363,35229.3,3383.6,918796,102445,38.1
2023-07-19,"63,020","40,098",350.2,358,35066.9,3649.5,927962,103118,38.2
2023-07-20,"63,313","39,833",374.8,369,35623.6,3853.3,937079,103146,38.9
2023-07-21,"61,628","38,609",352.1,370,35057.5,3434.3,945273,100237,38
2023-07-22,"62,482","37,812",353,369,35411.6,3601.4,955531,100294,38.5
2023-07-23,"58,924","34,882",318.4,355,36333.4,3736.2,962331,93806,39.5
2023-07-24,"62,041","40,263",361.7,347,35055.4,3759.1,969480,102304,38.2
2023-07-25,"62,817","40,202",375.1,355,34900.3,3823.9,976972,103019,38.2
2023-07-26,"62,164","40,203",375,347,35217.6,3742.47,985061,102367,38.4
2023-07-27,"62,345","39,904",364.9,350,35722.5,3778.34,993748,102249,38.9
2023-07-28,"60,756","38,656",330,376,35190,3534.97,1001493,99412,38.2
2023-07-29,"55,114","33,647",237.8,382,33871.6,2948.56,1010223,88761,36.3
2023-07-30,"55,694","32,216",274.9,381,33549.9,3308.81,1016354,87910,36.4
2023-07-31,"59,793","37,547",331.6,378,33943.8,3614.69,1022558,97340,37
2023-08-01,"61,662","38,047",332.2,394,34396.5,3630.88,651994,99709,37.5
2023-08-02,"63,568","37,075",303.2,414,33844.1,3536.9,682851,100643,36.9
2023-08-03,"60,965","37,758",321,397,34435.9,3590.37,704974,98723,37.5
2023-08-04,"59,982","37,400",351.7,387,34905,3701.9,725245,97382,38.1
2023-08-05,"61,035","37,415",335.8,382,35452.7,3835.93,742939,98450,38.7
2023-08-06,"57,688","33,889",318.6,388,36228.1,3824.52,754238,91577,39.5
2023-08-07,"62,356","37,454",347.5,394,35236.7,3667.79,765674,99810,38.4
2023-08-08,"60,349","37,967",346.2,380,34943,3758.8,778808,98316,38.2
2023-08-09,"59,600","37,427",343.9,363,34723.7,3726.26,791946,97027,37.9
2023-08-10,"60,344","37,889",381.2,380,34991.3,3823.29,803513,98233,38.3
2023-08-11,"59,647","37,864",360.3,391,35040.3,3792.95,814515,97511,38.3
2023-08-12,"59,045","36,137",332.5,386,35131.3,3899.23,826443,95182,38.5
2023-08-13,"57,400","33,558",342.6,377,35243.3,3992.33,835421,90958,38.7
2023-08-14,"59,826","37,776",372.7,365,34773.6,3876.6,847080,97602,38.1
2023-08-15,"55,385","32,645",349.3,395,37477.9,4121.68,856520,88030,41
2023-08-16,"60,200","37,826",376.2,371,34492.6,3883.43,868904,98026,37.8
2023-08-17,"60,991","37,142",313.8,381,33645.7,3777.28,878491,98133,36.9
2023-08-18,"58,397","36,253",350.1,390,34357.7,3902.25,887306,94650,37.7
2023-08-19,"59,425","36,995",360.5,381,34783.6,3921.73,897409,96420,38.2
2023-08-20,"57,005","33,877",312.3,362,35583.6,3875.73,902212,90882,38.9
2023-08-21,"60,134","37,796",318.3,360,32912.2,3514.08,916148,97930,35.9
2023-08-22,"60,987","37,504",345.78,374,33647.2,3680.91,923200,98491,36.8
2023-08-23,"59,327","36,001",344.89,382,33666,3730.78,932358,95328,36.9
2023-08-24,"61,166","37,836",356.09,368,33921.2,3793.3,941582,99002,37.2
2023-08-25,"59,133","37,721",361.8,367,34664.4,3843.48,950273,96854,38
2023-08-26,"58,918","36,753",344.1,357,34766.1,3758.81,954486,95671,38
2023-08-27,"56,120","34,151",345.2,344,35284.5,3726.62,960853,90271,38.4
2023-08-28,"59,562","38,269",345.3,347,33759.3,3671.35,968244,97831,36.9
2023-08-29,"60,682","38,814",375.5,342,33218.6,3750.96,976616,99496,36.4
2023-08-30,"60,609","38,627",362.6,344,33892.9,3843.49,985467,99236,37.2
2023-08-31,"57,683","36,482",325.8,374,35152.5,3785.68,995070,94165,38.4
2023-09-01,"57,121","36,669",308.2,363,33613.1,3583.18,629758,93790,36.7
2023-09-02,"56,489","35,267",337.5,357,33373.2,3999,668105,91756,36.8
2023-09-03,"54,727","33,152",326.2,345,33327,3905.28,694788,87879,36.7
2023-09-04,"61,119","37,729",378.8,364,33852.6,3860.58,715627,98848,37.2
2023-09-05,"61,946","38,602",381.6,373,34442.1,3986.84,732460,100548,37.9
2023-09-06,"59,339","36,868",368.2,378,34371.6,3993.16,748433,96207,37.8
2023-09-07,"57,390","34,742",321.4,360,33868.8,3870.07,763320,92132,37.2
2023-09-08,"59,035","35,787",308.4,357,33810.5,3580.09,778643,94822,36.9
2023-09-09,"57,938","35,111",315.6,358,33614,3912.7,790325,93049,37
2023-09-10,"55,257","33,162",306.1,341,35028.8,3923.27,798623,88419,38.4
2023-09-11,"59,542","37,306",375.9,353,33679.4,3919.9,808051,96848,37.1
2023-09-12,"58,655","37,876",358.4,350,33860.4,4018.36,818535,96531,37.3
2023-09-13,"58,470","38,143",355.8,352,33639.8,3912.78,827560,96613,37
2023-09-14,"59,877","37,956",318.41,370,34479.8,3888.69,837224,97833,37.8
2023-09-15,"59,381","37,395",325.43,371,34616.2,4016.64,847221,96776,38.1
2023-09-16,"59,774","37,922",365.33,347,34123.3,3987.65,856333,97696,37.6
2023-09-17,"59,199","37,262",290.96,345,34820.3,3977.66,865386,96461,38.2
2023-09-18,"55,031","34,728",329.18,346,33950.2,3929.87,872922,89759,37.3
2023-09-19,"58,281","37,192",356.9,361,34347.6,3957.79,880292,95473,37.8
2023-09-20,"58,486","37,287",370.5,359,34197.3,3815.99,888237,95773,37.5
2023-09-21,"59,673","36,270",377.2,385,33857.4,4042.58,896163,95943,37.4
2023-09-22,"60,217","35,644",321.1,385,34675.2,4077.39,903941,95861,38.2
2023-09-23,"57,463","34,337",353.2,377,34512.2,4082.05,912195,91800,38.1
2023-09-24,"55,027","31,916",299.4,371,35356.7,3962.1,918254,86943,38.8
2023-09-25,"56,768","35,065",313.2,355,34069.6,3467.67,924128,91833,37
2023-09-26,"58,872","36,848",331.2,373,33758.9,3773.67,931743,95720,37
2023-09-27,"58,943","36,887",358.8,370,34636.6,4026.17,939089,95830,38.1
2023-09-28,"58,690","34,975",310.7,383,34268.8,3942.62,947270,93665,37.7
2023-09-29,"59,015","36,955",325.8,367,33714.4,3769.69,955001,95970,37
2023-09-30,"58,160","35,622",331.4,372,33849.7,3702.99,962707,93782,37
2023-10-01,"57,877","32,020",295.1,393,34479.8,3653.96,621465,89897,37.6
2023-10-02,"56,506","32,770",284,387,34808.1,3702.33,654248,89276,38
2023-10-03,"61,685","36,278",345.9,379,33609.3,3763.33,678508,97963,36.9
2023-10-04,"63,569","37,530",346.9,389,33411.2,3725.38,697932,101099,36.6
2023-10-05,"60,728","36,946",389.2,373,32284.4,3881.03,714739,97674,35.7
2023-10-06,"57,445","35,120",371.6,366,33143.4,3981.45,729495,92565,36.6
2023-10-07,"58,133","36,298",347.1,355,34320.6,3547.46,743015,94431,37.3
2023-10-08,"54,166","32,160",341.9,350,33898.7,3704.23,755311,86326,37.1
2023-10-09,"59,119","37,495",369.4,344,32396.9,3826.82,762578,96614,35.7
2023-10-10,"58,740","38,096",406.6,346,32933.7,3905.54,774632,96836,36.3
2023-10-11,"58,345","37,303",412.8,340,33199.4,3992.59,786359,95648,36.7
2023-10-12,"59,360","38,120",418.3,340,33351.8,4030.52,797494,97480,36.8
2023-10-13,"57,346","36,559",380.4,348,33019.3,4024.16,804561,93905,36.5
2023-10-14,"54,654","34,111",367.5,345,33618.2,3881.04,817740,88765,37
2023-10-15,"53,073","32,121",368.3,330,34887.5,4086.77,826753,85194,38.4
2023-10-16,"56,527","37,292",406.3,316,33303.9,3933.85,834043,93819,36.7
2023-10-17,"56,732","36,766",365.8,334,33557.7,3831.74,842086,93498,36.8
2023-10-18,"55,907","37,174",365.4,326,33816.9,3899.87,850418,93081,37.2
2023-10-19,"55,784","36,201",413.5,339,34658.5,3923.75,860306,91985,38
2023-10-20,"53,699","35,541",359.1,355,35064.9,3602.48,870711,89240,38.1
2023-10-21,"50,704","32,940",339.6,340,34314.5,3530.2,882201,83644,37.3
2023-10-22,"45,220","27,548",334.9,318,34306.5,3787.47,889206,72768,37.5
2023-10-23,"45,241","27,467",364.3,316,33417.4,3779.59,894330,72708,36.6
2023-10-24,"48,775","29,571",335.2,338,33089.7,3686.35,899963,78346,36.2
2023-10-25,"52,160","33,998",399.3,341,33521.3,3546.5,904932,86158,36.5
2023-10-26,"54,301","37,123",391.6,336,34098.7,3475.29,915469,91424,37
2023-10-27,"54,317","36,892",396.6,343,34062.9,3523.44,924986,91209,37
2023-10-28,"54,304","36,465",372.94,344,34912.8,3725.5,933944,90769,38.1
2023-10-29,"51,222","32,880",342.36,322,35809.2,3928.9,943278,84102,39.1
2023-10-30,"56,631","38,895",391.21,318,33931.5,3713.43,951309,95526,37.1
2023-10-31,"55,927","38,931",354.54,324,33894.9,3443.01,958855,94858,36.8
2023-11-01,"55,809","38,623",392.55,327,34148.1,3454.58,622911,94432,37
2023-11-02,"56,094","38,328",272.59,345,35115.8,3655.44,651835,94422,38.2
2023-11-03,"55,157","37,959",332.1,343,34318,3706.94,672789,93116,37.5
2023-11-04,"54,887","37,198",368.36,335,35357.4,3812.12,692294,92085,38.6
2023-11-05,"51,220","32,352",344.51,319,35307,3955.52,704586,83572,38.7
2023-11-06,"55,036","37,952",411.4,305,33005.2,3775.15,716787,92988,36.2
2023-11-07,"54,540","37,980",401.3,321,33559.7,3635.94,733863,92520,36.6
2023-11-08,"51,857","37,603",347.8,307,33277.2,3102.98,746422,89460,35.8
